{"error": null, "params": {"dates": [{"endDate": "08-16-2020", "recurring": false, "startDate": "08-02-2020", "yearRange": [1950, 2050]}], "layers": [{"layer": "Evaporative_Stress_Index_PT_JPL_ESIavg", "product": "ECO4ESIPTJPL.001"}, {"layer": "Evaporative_Stress_Index_PT_JPL_PET", "product": "ECO4ESIPTJPL.001"}], "output": {"format": {"type": "geotiff"}}, "coordinates": [{"id": "Aven", "category": "Aug", "latitude": 36.088, "longitude": -120.19}, {"id": "CaS", "category": "Aug", "latitude": 35.12, "longitude": -119.628}, {"id": "CaSl", "category": "Aug", "latitude": 35.089, "longitude": -119.576}, {"id": "Coal", "category": "Aug", "latitude": 36.212, "longitude": -120.304}, {"id": "Lok", "category": "Aug", "latitude": 35.354, "longitude": -119.584}, {"id": "Mov", "category": "Aug", "latitude": 36.562, "longitude": -120.545}, {"id": "PaPl", "category": "Aug", "latitude": 36.696, "longitude": -120.795}, {"id": "SemiT", "category": "Aug", "latitude": 35.658, "longitude": -119.612}, {"id": "SiCr", "category": "Aug", "latitude": 36.586, "longitude": -120.686}]}, "status": "processing", "created": "2022-02-10T21:53:17.989132", "task_id": "9060314c-4d04-4749-bbc6-f45edc1bac30", "updated": "2022-02-10T21:53:26.327829", "user_id": "braunj@yorku.ca", "estimate": {"request_size": 135}, "retry_at": null, "has_swath": true, "task_name": "August", "task_type": "point", "api_version": null, "svc_version": "2.70", "web_version": "2.70", "size_category": "0", "has_nsidc_daac": false, "expires_on": "2022-03-12T21:53:26.327829", "attempts": 1}
