{"error": null, "params": {"dates": [{"endDate": "07-31-2020", "recurring": false, "startDate": "07-09-2020", "yearRange": [1950, 2050]}], "layers": [{"layer": "Evaporative_Stress_Index_PT_JPL_ESIavg", "product": "ECO4ESIPTJPL.001"}, {"layer": "Evaporative_Stress_Index_PT_JPL_PET", "product": "ECO4ESIPTJPL.001"}], "output": {"format": {"type": "geotiff"}}, "coordinates": [{"id": "Aven", "category": "July", "latitude": 36.094, "longitude": -120.197}, {"id": "CaS", "category": "July", "latitude": 35.119955, "longitude": -119.628287}, {"id": "CaSl", "category": "July", "latitude": 35.09, "longitude": -119.574}, {"id": "Coal", "category": "July", "latitude": 36.213, "longitude": -120.305}, {"id": "Lok", "category": "July", "latitude": 35.354, "longitude": -119.584}, {"id": "Mov", "category": "July", "latitude": 36.563, "longitude": -120.547}, {"id": "PaPl", "category": "July", "latitude": 36.698, "longitude": -120.799}, {"id": "SemiT", "category": "July", "latitude": 35.658, "longitude": -119.612}, {"id": "SiCr", "category": "July", "latitude": 36.586, "longitude": -120.687}]}, "status": "processing", "created": "2022-02-10T21:50:20.796631", "task_id": "665ab0d8-e7c1-43ae-ab18-5c12ca0d7404", "updated": "2022-02-10T21:50:22.553606", "user_id": "braunj@yorku.ca", "estimate": {"request_size": 207}, "retry_at": null, "has_swath": true, "task_name": "July", "task_type": "point", "api_version": null, "svc_version": "2.70", "web_version": "2.70", "size_category": "0", "has_nsidc_daac": false, "expires_on": "2022-03-12T21:50:22.553606", "attempts": 1}
