<?xml version="1.0" encoding="UTF-8"?>
<metadata xml:lang="en">
	<idinfo>
		<citation>
			<citeinfo>
				<origin>Scott E. Phillips, Patrick A. Kelly, and Daniel F. Williams, California State University, Stanislaus, Endangered Species Recovery Program</origin>
				<pubdate>2004-09-29</pubdate>
				<title Sync="TRUE">histlu200408</title>
				<edition>2004-08</edition>
				<geoform Sync="TRUE">vector digital data</geoform>
				<onlink>http://esrp.csustan.edu/gis</onlink>
				<ftname Sync="TRUE">histlu200408</ftname>
				<lworkcit><citeinfo><origin>Patrick A. Kelly, Scott E. Phillips, and Daniel F. Williams</origin><pubdate>In Press</pubdate><title>Documenting Ecological Change in Time and Space: The San Joaquin Valley of California</title><geoform>document</geoform><pubinfo><pubplace>Berkeley, CA</pubplace><publish>UC Press</publish></pubinfo><othercit>in Mammalian Diversification:
From Chromosomes to Phylogeography
University of California, Berkeley
(pp. 57-78, In press)</othercit></citeinfo></lworkcit></citeinfo>
		</citation>
		<descript>
			<abstract>Landscape change in the San Joaquin Valley of California -- pre-European settlement to 2000</abstract>
			<purpose>To prepare illustrations and data for publications related to changes in the San Joaquin Valley over time</purpose>
			<supplinf>Future edits will focus on enhancing the spatial boundaries of historical natural communities and the addition of additional time frames where possible.</supplinf>
			<langdata Sync="TRUE">en</langdata>
		</descript>
		<timeperd>
			<timeinfo>
				<rngdates>
					<begdate>1850-01-01</begdate>
					<enddate>2004-12-12</enddate>
				</rngdates>
			</timeinfo>
			<current>ground condition</current>
		</timeperd>
		<status>
			<progress>In work</progress>
			<update>As needed</update>
		</status>
		<spdom>
			<bounding>
				<westbc Sync="TRUE">-122.516853</westbc>
				<eastbc Sync="TRUE">-118.429511</eastbc>
				<northbc Sync="TRUE">38.026002</northbc>
				<southbc Sync="TRUE">34.474789</southbc>
			</bounding>
			<lboundng>
				<leftbc Sync="TRUE">-176372.562500</leftbc>
				<rightbc Sync="TRUE">124346.593750</rightbc>
				<topbc Sync="TRUE">-125.656357</topbc>
				<bottombc Sync="TRUE">-347467.218750</bottombc>
			</lboundng>
		</spdom>
		<keywords>
			<theme>
				<themekt>CSA/NBII Biocomplexity Thesaurus</themekt>
				<themekey>Lands</themekey>
				<themekey>Land use</themekey>
				<themekey>Agricultural land</themekey>
				<themekey>Crop fields</themekey>
				<themekey>Vegetation</themekey>
				<themekey>Terrestrial ecosystems</themekey>
				<themekey>Grasslands</themekey>
				<themekey>Scrub</themekey>
				<themekey>Chaparral</themekey>
				<themekey>Forests</themekey>
				<themekey>Wetlands</themekey>
			</theme>
			<place>
				<placekey>California</placekey>
				<placekey>Great Central Valley</placekey>
				<placekey>San Joaquin Valley</placekey>
			</place>
			<place>
				<placekt>None</placekt>
				<placekey>Central Western California</placekey>
			</place>
		</keywords>
		<accconst>None</accconst>
		<useconst>Permission is granted to use the data for any personal or academic purposes as long as notification of use is sent to sphillips@esrp.csustan.edu and derived products are clearly credited with Scott Phillips, CSU Stanislaus, ESRP.  For commercial use, contact CSU Stanislaus, ESRP:  info@esrp.csustan.edu.</useconst>
		<ptcontac>
			<cntinfo>
				<cntorgp>
					<cntorg>CSUS/ESRP</cntorg>
					<cntper>Scott Phillips</cntper>
				</cntorgp>
				<cntpos>GIS Analyst</cntpos>
				<cntemail>gis@esrp.csustan.edu</cntemail>
			</cntinfo>
		</ptcontac>
		<browse>
			<browsen>figure02.jpg</browsen>
			<browsed>Agricultural land conversion in the San Joaquin Valley, pre-European settlement to 2000.</browsed>
			<browset>JPEG</browset>
		</browse>
		<datacred>
CSU Stanislaus, Endangered Species Recovery
Program
</datacred>
		<native Sync="TRUE">Microsoft Windows 2000 Version 5.0 (Build 2195) Service Pack 4; ESRI ArcCatalog 9.1.0.722</native>
		<natvform Sync="TRUE">Shapefile</natvform>
		<secinfo><secclass>Unclassified</secclass></secinfo></idinfo>
	<dataqual>
		<logic>Shapefile converted from ARC/INFO coverage with polygon
topology. Minimum mapping unit is 10 ha</logic>
		<lineage>
			<procstep>
				<procdesc>Establish base of historical land cover based on re-defined attributes of the Kuchler data</procdesc>
				<procsv>ARC/INFO</procsv>
				<srcused>kuchler</srcused><procdate>2001</procdate></procstep>
			<srcinfo><srccite><citeinfo><origin>Endangered Species Recovery program and U.S. Bureau of Reclamation</origin><pubdate>1999-01-01</pubdate><title>Natural Vegetation of Central California based on Kuchler (1977).</title><geoform>vector digital data</geoform><onlink>http://esrpweb.csustan.edu/gis/metadata/kuchler_sjv.html</onlink><othercit>Data used in the Recovery Plan for Upland Species of the San Joaquin Valley of California, FWS, 1998.</othercit><lworkcit><citeinfo><origin>Daniel F. Williams, Ellen A. Cypher, Patrick A. Kelly, Karen J. Miller, Nancy Norvell, Scott E. Phillips, Cheryl D. Johnson, and Gary W. Colliver</origin><pubdate>1998</pubdate><title>Recovery plan for upland species of the San Joaquin Valley, California</title><geoform>document</geoform><pubinfo><pubplace>Sacramento, CA</pubplace><publish>U.S. Fish and Wildlife Service</publish></pubinfo><onlink>http://esrpweb.csustan.edu/publications/pubhtml.php?doc=sjvrp&amp;file=cover.html</onlink></citeinfo></lworkcit></citeinfo></srccite><srcscale>1000000</srcscale><typesrc>online</typesrc><srctime><timeinfo><sngdate><caldate>1850</caldate></sngdate></timeinfo><srccurr>ground condition</srccurr></srctime><srccitea>kuchler</srccitea><srccontr>Base of pre-European land cover</srccontr></srcinfo><srcinfo><srccite><citeinfo><origin>Hall, W. H.</origin><pubdate>1886</pubdate><title>Topographic and Irrigation Maps of San Joaquin Valley, Sheets 1-4.</title><geoform>map</geoform><othercit>Obtained from the Water Resources Archives, University of California, Berkeley.</othercit></citeinfo></srccite><srcscale>126720</srcscale><typesrc>paper</typesrc><srctime><timeinfo><sngdate><caldate>1885</caldate></sngdate></timeinfo><srccurr>publication date</srccurr></srctime><srccitea>Hallmedscale</srccitea><srccontr>Provided location of historical wetlands and irrigated farmland around 1885</srccontr></srcinfo><srcinfo><srccite><citeinfo><origin>Piemeisel, R. L., and F. R. Lawson</origin><pubdate>1937</pubdate><title>Types of Vegetation in the San Joaquin Valley of California and Their Relation to Beet Leafhopper</title><geoform>document</geoform><othercit>Copy provided by Ellen Cypher, CSUS/ESRP</othercit></citeinfo></srccite><srcscale>2500000</srcscale><typesrc>paper</typesrc><srctime><timeinfo><sngdate><caldate>1850</caldate></sngdate></timeinfo></srctime><srccitea>Piemeisel</srccitea><srccontr>Provided general map of scrub lands with information on how it was mapped with higher resolution map sources.</srccontr></srcinfo><srcinfo><srccite><citeinfo><origin>Holmes, L. C., E. C. Eckmann, J. W. Nelson, and J. E. Guernsey</origin><pubdate>1919</pubdate><title>Soil map, reconnaissance survey, Middle San Joaquin Valley sheet, California</title><geoform>map</geoform><othercit>Obtained from personal files of Scott Phillips</othercit></citeinfo></srccite><srcscale>126720</srcscale><typesrc>paper</typesrc><srctime><srccurr>publication date</srccurr></srctime><srccitea>recon_midsjv</srccitea><srccontr>Used along with Piemeisel source for location of scub types and also used for the location of urban areas shown on the soil base map.</srccontr></srcinfo><srcinfo><srcscale>126720</srcscale><typesrc>paper</typesrc><srccitea>recon_uppsjv</srccitea><srccite><citeinfo><origin>Nelson, J. W., W. C. Dean, and E. C. Eckmann</origin><pubdate>1921</pubdate><title>Soil map, reconnaissance survey, Upper San Joaquin Valley sheet, California.</title><geoform>map</geoform><othercit>Obtained from personal files of Scott Phillips </othercit></citeinfo></srccite><srccontr>Used along with Piemeisel source for location of scub types and also used for the location of urban areas shown on the soil base map.</srccontr><srctime><srccurr>publication date</srccurr></srctime></srcinfo><srcinfo><srcscale>126720</srcscale><typesrc>paper</typesrc><srccitea>recon_lowsjv</srccitea><srccite><citeinfo><origin>Nelson, J. W., J. E. Guernsey, L. C. Holmes, and E. C. Eckmann</origin><pubdate>1918</pubdate><title>Soil map, reconnaissance survey, Lower San Joaquin Valley sheet, California</title><geoform>map</geoform><othercit>Obtained from personal files of Scott Phillips</othercit></citeinfo></srccite><srctime><srccurr>publication date</srccurr></srctime><srccontr>Used along with Piemeisel source for location of scub types and also used for the location of urban areas shown on the soil base map.</srccontr></srcinfo><srcinfo><srccite><citeinfo><origin>U.S. Department of Agriculture, Office of Experiment Stations (USDA)</origin><pubdate>1912</pubdate><title>Irrigation map of Central California: to accompany report on the irrigation resources of Central California</title><geoform>map</geoform><othercit>Obtained from the Water Resources Archives, University of California, Berkeley.</othercit></citeinfo></srccite><srcscale>500000</srcscale><typesrc>paper</typesrc><srccitea>irr1912</srccitea><srccontr>Provided the location of irrigated lands around 1912</srccontr><srctime><srccurr>publication date</srccurr></srctime></srcinfo><srcinfo><srccite><citeinfo><origin>U.S. Bureau of Reclamation</origin><pubdate>1949</pubdate><title>Water Resources Development</title><lworkcit><citeinfo><origin>U.S. Bureau of Reclamation</origin><pubdate>1949</pubdate><title>Central Valley basin; a comprehensive report on the development of the water and related resources of the Central Valley basin for irrigation, power production and other beneficial uses in California, and comments by the State of California and Federal agencies</title><geoform>document</geoform><pubinfo><pubplace>Washington, DC</pubplace><publish>U.S. Govt. Print. Office</publish></pubinfo></citeinfo></lworkcit></citeinfo></srccite><srcscale>1000000</srcscale><typesrc>paper</typesrc><srctime><srccurr>ground condition</srccurr><timeinfo><sngdate><caldate>1945</caldate></sngdate></timeinfo></srctime><srccitea>USBR1949</srccitea><srccontr>Provided the extent of irrigated farmland and some urban lands around 1945</srccontr></srcinfo><srcinfo><srcscale>250000</srcscale><typesrc>online</typesrc><srccitea>USGSLULC</srccitea><srccontr>Provided the extent of irrigated farmland and urban lands around 1977</srccontr><srctime><srccurr>ground condition</srccurr><timeinfo><rngdates><begdate>1972-01-01</begdate><enddate>1980-12-31</enddate></rngdates></timeinfo></srctime><srccite><citeinfo><origin>U.S. Geological Survey</origin><pubdate>1990</pubdate><title>Land Use Land Cover (LULC)</title><geoform>vector digital data</geoform><onlink>http://edc.usgs.gov/geodata/</onlink></citeinfo></srccite></srcinfo><srcinfo><srccite><citeinfo><origin>California State University, Stanislaus, Endangered Species Recovery Program</origin><pubdate>2004-07-10</pubdate><title>Land use and land cover of the San Joaquin Valley of California and surrounding areas</title><edition>2004-06</edition><geoform>vector digital data</geoform><onlink>http://esrp.csustan.edu/gis/lulc/</onlink></citeinfo></srccite><srcscale>100000</srcscale><typesrc>online</typesrc><srctime><timeinfo><rngdates><begdate>1990</begdate><enddate>2003</enddate></rngdates></timeinfo><srccurr>ground condition</srccurr></srctime><srccitea>ESRPLULC</srccitea><srccontr>Provided current land cover and land use</srccontr></srcinfo><srcinfo><srccite><citeinfo><origin>University of California Santa Barbara, California Gap Analysis</origin><pubdate>1996</pubdate><title>Jepson Regions of California</title><geoform>vector digital data</geoform><onlink>http://www.biogeog.ucsb.edu/projects/gap/gap_data.html</onlink></citeinfo></srccite><srcscale>100000</srcscale><typesrc>online</typesrc><srctime><srccurr>publication date</srccurr></srctime><srccitea>gapjepson</srccitea><srccontr>Used to define the San Joaquin Valley area of analysis</srccontr></srcinfo><procstep><procdesc>Edit the initial data using the Hall 1885 medium scale irrigation maps for the location of historical wetlands, Tulare Lake, Summit Lake, Buena Vista Lake, and Kern Lake.</procdesc><srcused>Hallmedscale</srcused><procdate>2001</procdate></procstep><procstep><procdesc>Edit the initial data using the Piemeisel map along with reconnaissance soil surveys for the location of historical scrub lands unmapped in the initial data.</procdesc><srcused>Piemeisel</srcused><procdate>2004</procdate><srcused>recon_midsjv</srcused><srcused>recon_uppsjv</srcused><srcused>recon_lowsjv</srcused></procstep><procstep><procdesc>Develop a layer showing the extent of irrigated lands around 1912 using USDA data and add in the estimated extent of urban areas using reconnaissance soil survey base maps.</procdesc><srcused>irr1912</srcused><srcused>recon_midsjv</srcused><srcused>recon_uppsjv</srcused><srcused>recon_lowsjv</srcused><procdate>2004</procdate></procstep><procstep><procdesc>Develop a layer showing the extent of irrigated lands and some urban lands around 1945 using map in USBR report.</procdesc><srcused>USBR1949</srcused><procdate>2004</procdate></procstep><procstep><procdesc>Develop a layer showing the extent of urban and irrigated farmland around 1977 using USGS LULC data</procdesc><srcused>USGSLULC</srcused><procdate>2001</procdate></procstep><procstep><procdesc>Derived a layer of irrigated agricultre and urban areas using ESRP land use and land cover data</procdesc><srcused>ESRPLULC</srcused><procdate>2004</procdate></procstep><procstep><procdesc>Used Arc/Info overlay analysis (UNION) to combine layers and assign land use/land cover attributes for potential land cover and land cover during subsequent time frames.</procdesc><procdate>2004</procdate></procstep><procstep><procdesc>Clipped data to boundary of the Great Central Valley region of California (UCSB, 1996) south of latitude 38 N</procdesc><srcused>gapjepson</srcused><procdate>2004</procdate></procstep></lineage>
	</dataqual>
	<spdoinfo>
		<direct Sync="TRUE">Vector</direct>
		<ptvctinf>
			<sdtsterm Name="histlu200408">
				<sdtstype Sync="TRUE">G-polygon</sdtstype>
				<ptvctcnt Sync="TRUE">12791</ptvctcnt>
			</sdtsterm>
			<esriterm Name="histlu200408">
				<efeatyp Sync="TRUE">Simple</efeatyp>
				<esritopo Sync="TRUE">FALSE</esritopo>
				<linrefer Sync="TRUE">FALSE</linrefer>
				<spindex Sync="TRUE">TRUE</spindex>
				<efeageom Sync="TRUE">Polygon</efeageom>
				<efeacnt Sync="TRUE">12791</efeacnt>
			</esriterm>
		</ptvctinf>
	</spdoinfo>
	<spref>
		<horizsys>
			<planar>
				<mapproj>
					<mapprojn Sync="TRUE">Albers Conical Equal Area</mapprojn>
					<albers>
						<stdparll Sync="TRUE">34.000000</stdparll>
						<stdparll Sync="TRUE">40.500000</stdparll>
						<longcm Sync="TRUE">-120.000000</longcm>
						<feast Sync="TRUE">0.000000</feast>
						<fnorth Sync="TRUE">-4000000.000000</fnorth>
						<latprjo>0.00000</latprjo></albers>
				</mapproj>
				<planci>
					<plance Sync="TRUE">coordinate pair</plance>
					<coordrep>
						<absres Sync="TRUE">0.001024</absres>
						<ordres Sync="TRUE">0.001024</ordres>
					</coordrep>
					<plandu Sync="TRUE">meters</plandu>
				</planci>
			</planar>
			<geodetic>
				<horizdn Sync="TRUE">North American Datum of 1927</horizdn>
				<ellips Sync="TRUE">Clarke 1866</ellips>
				<semiaxis Sync="TRUE">6378206.400000</semiaxis>
				<denflat Sync="TRUE">294.978698</denflat>
			</geodetic>
			<cordsysn>
				<geogcsn Sync="TRUE">GCS_North_American_1927</geogcsn>
				<projcsn Sync="TRUE">Custom</projcsn>
			</cordsysn>
		</horizsys>
	</spref>
	<eainfo>
		<detailed Name="histlu200408">
			<enttyp>
				<enttypl Sync="TRUE">histlu200408</enttypl>
				<enttypc Sync="TRUE">12791</enttypc>
				<enttypt Sync="TRUE">Feature Class</enttypt>
			</enttyp>
			<attr>
				<attrlabl Sync="TRUE">FID</attrlabl>
				<attrdef Sync="TRUE">Internal feature number.</attrdef>
				<attrdefs Sync="TRUE">ESRI</attrdefs>
				<attrdomv>
					<udom Sync="TRUE">
Sequential unique whole numbers that
are automatically generated.
</udom>
				</attrdomv>
				<atprecis Sync="TRUE">0</atprecis>
				<attalias Sync="TRUE">FID</attalias>
				<attrtype Sync="TRUE">OID</attrtype>
				<attscale Sync="TRUE">0</attscale>
				<attwidth Sync="TRUE">4</attwidth>
			</attr>
			<attr>
				<attrlabl Sync="TRUE">Shape</attrlabl>
				<attrdef Sync="TRUE">Feature geometry.</attrdef>
				<attrdefs Sync="TRUE">ESRI</attrdefs>
				<attrdomv>
					<udom Sync="TRUE">
Coordinates defining the
features.
</udom>
				</attrdomv>
				<atprecis Sync="TRUE">0</atprecis>
				<attalias Sync="TRUE">Shape</attalias>
				<attrtype Sync="TRUE">Geometry</attrtype>
				<attscale Sync="TRUE">0</attscale>
				<attwidth Sync="TRUE">0</attwidth>
			</attr>
			<attr>
				<attrlabl Sync="TRUE">AREA</attrlabl>
				<attrdef>area in meters square</attrdef>
				<atnumdec Sync="TRUE">3</atnumdec>
				<attalias Sync="TRUE">AREA</attalias>
				<attrtype Sync="TRUE">Number</attrtype>
				<attwidth Sync="TRUE">12</attwidth>
			</attr>
			<attr>
				<attrlabl Sync="TRUE">PERIMETER</attrlabl>
				<attrdef>perimeter in meters</attrdef>
				<atnumdec Sync="TRUE">3</atnumdec>
				<attalias Sync="TRUE">PERIMETER</attalias>
				<attrtype Sync="TRUE">Number</attrtype>
				<attwidth Sync="TRUE">12</attwidth>
			</attr>
			<attr><attrlabl Sync="TRUE">HISTLU_CPE</attrlabl><attalias Sync="TRUE">HISTLU_CPE</attalias><attrtype Sync="TRUE">Number</attrtype><attwidth Sync="TRUE">11</attwidth></attr><attr><attrlabl Sync="TRUE">HISTLU_C_1</attrlabl><attalias Sync="TRUE">HISTLU_C_1</attalias><attrtype Sync="TRUE">Number</attrtype><attwidth Sync="TRUE">11</attwidth></attr><attr><attrlabl Sync="TRUE">POT_LU</attrlabl><attalias Sync="TRUE">POT_LU</attalias><attrtype Sync="TRUE">String</attrtype><attwidth Sync="TRUE">16</attwidth></attr><attr><attrlabl Sync="TRUE">LU1885</attrlabl><attalias Sync="TRUE">LU1885</attalias><attrtype Sync="TRUE">String</attrtype><attwidth Sync="TRUE">16</attwidth><attrdef>Estimated natural communities and land use around 1885</attrdef></attr><attr><attrlabl Sync="TRUE">LU1912</attrlabl><attalias Sync="TRUE">LU1912</attalias><attrtype Sync="TRUE">String</attrtype><attwidth Sync="TRUE">16</attwidth><attrdef>Estimated natural communities and land use around 1912</attrdef></attr><attr><attrlabl Sync="TRUE">LU1945</attrlabl><attalias Sync="TRUE">LU1945</attalias><attrtype Sync="TRUE">String</attrtype><attwidth Sync="TRUE">16</attwidth><attrdef>Estimated natural communities and land use around 1945</attrdef></attr><attr><attrlabl Sync="TRUE">LU1977</attrlabl><attalias Sync="TRUE">LU1977</attalias><attrtype Sync="TRUE">String</attrtype><attwidth Sync="TRUE">16</attwidth><attrdef>Estimated natural communities and land use around 1977</attrdef></attr><attr><attrlabl Sync="TRUE">LU2004</attrlabl><attalias Sync="TRUE">LU2004</attalias><attrtype Sync="TRUE">String</attrtype><attwidth Sync="TRUE">16</attwidth><attrdef>Estimated natural communities and land use around 2000</attrdef></attr><attr><attrlabl Sync="TRUE">DIST</attrlabl><attalias Sync="TRUE">DIST</attalias><attrtype Sync="TRUE">Number</attrtype><attwidth Sync="TRUE">11</attwidth></attr></detailed>
		<overview>
			<eaover>Land cover is represented at a very general community level (grasslands, saltbush scrub, water, wetlands, Valley oak woodland, riparian) and developed land use is in two broad categories (urban, irrigated agriculture).</eaover>
			<dsoverv>This data was designed to estimate landscape change over time in the San Joaquin Valley of California in a series of six time frames:  pre-European settlement (approximately 1850), 1885, 1912, 1945, 1977, 2000.  It was used to provide illustrations and tabular data in support of presentation and publications describing ecological change in the San Joaquin Valley of California.</dsoverv>
		</overview>
	</eainfo>
	<distinfo>
		<distrib>
			<cntinfo>
				<cntorgp>
					<cntorg>CSUS/ESRP</cntorg>
					<cntper>Scott Phillips</cntper>
				</cntorgp>
				<cntpos>GIS Analyst</cntpos>
				<cntaddr>
					<addrtype>mailing address</addrtype>
					<address>Not given</address>
					<city>Fresno</city>
					<state>CA</state>
				</cntaddr>
				<cntvoice>Not given</cntvoice>
				<cntemail>gis@esrp.csustan.edu</cntemail>
			</cntinfo>
		</distrib>
		<resdesc Sync="TRUE">Downloadable Data</resdesc>
		<distliab>
No warranty, expressed or implied is made by the ESRP
regarding the utility of the data, nor shall the act of
distribution constitute any such warranty. These data are
geographic illustrations and do not represent legal
boundaries.
</distliab>
		<stdorder>
			<digform>
				<digtinfo>
					<transize Sync="TRUE">10.818</transize>
					<dssize Sync="TRUE">10.818</dssize>
				</digtinfo>
			</digform>
		</stdorder>
		<techpreq>
Software capable of reading ESRI Shapefiles.
Specifications for file format are available from:
http://www.esri.com/software/opengis/openpdf.html. Data may be
distributed in Zip compressed format. Softwrae and source code
for uncompressing files is available from
http://www.info-zip.org/UnZip.html.
</techpreq>
	</distinfo>
	<metainfo>
		<metd Sync="TRUE">20050919</metd>
		<metc>
			<cntinfo>
				<cntorgp>
					<cntorg>
CSU Stanislaus, Endangered Species Recovery
Program
</cntorg>
					<cntper>Scott Phillips</cntper>
				</cntorgp>
				<cntpos>GIS Analyst</cntpos>
				<cntaddr>
					<addrtype>mailing address</addrtype>
					<address>Not listed</address>
					<city>Fresno</city>
					<state>CA</state>
					<postal>93727</postal>
					<country>US</country>
				</cntaddr>
				<cntvoice>not listed</cntvoice>
				<cntemail>gis@esrp.csustan.edu</cntemail>
			</cntinfo>
		</metc>
		<metstdn Sync="TRUE">FGDC Content Standards for Digital Geospatial Metadata</metstdn>
		<metstdv Sync="TRUE">FGDC-STD-001-1998</metstdv>
		<mettc Sync="TRUE">local time</mettc>
		<langmeta Sync="TRUE">en</langmeta>
		<metextns><onlink Sync="TRUE">http://www.esri.com/metadata/esriprof80.html</onlink><metprof Sync="TRUE">ESRI Metadata Profile</metprof></metextns></metainfo>
	<dataIdInfo>
		<envirDesc Sync="TRUE">Microsoft Windows 2000 Version 5.0 (Build 2195) Service Pack 4; ESRI ArcCatalog 9.1.0.722</envirDesc>
		<dataLang>
			<languageCode Sync="TRUE" value="en"></languageCode>
		</dataLang>
		<geoBox esriExtentType="decdegrees">
			<westBL Sync="TRUE">-122.516853</westBL>
			<eastBL Sync="TRUE">-118.429511</eastBL>
			<northBL Sync="TRUE">38.026002</northBL>
			<southBL Sync="TRUE">34.474789</southBL>
			<exTypeCode Sync="TRUE">1</exTypeCode>
		</geoBox>
		<idCitation>
			<resTitle Sync="TRUE">histlu200408</resTitle>
			<presForm>
				<PresFormCd Sync="TRUE" value="005"></PresFormCd>
			</presForm>
		</idCitation>
		<spatRpType>
			<SpatRepTypCd Sync="TRUE" value="001"></SpatRepTypCd>
		</spatRpType>
		<dataExt>
			<geoEle>
				<GeoBndBox esriExtentType="native">
					<westBL Sync="TRUE">-176372.5625</westBL>
					<northBL Sync="TRUE">-125.656357</northBL>
					<southBL Sync="TRUE">-347467.21875</southBL>
					<eastBL Sync="TRUE">124346.59375</eastBL>
					<exTypeCode Sync="TRUE">1</exTypeCode>
				</GeoBndBox>
			</geoEle>
		</dataExt>
	</dataIdInfo>
	<distInfo>
		<distributor>
			<distorTran>
				<onLineSrc>
					<orDesc Sync="TRUE">002</orDesc>
					<protocol Sync="TRUE">Local Area Network</protocol>
					<linkage Sync="TRUE">file://\\MENDOTA\D$\landcov\historical\histlu200408.shp</linkage>
				</onLineSrc>
				<transSize Sync="TRUE">10.818</transSize>
			</distorTran>
			<distorFormat>
				<formatName Sync="TRUE">Shapefile</formatName>
			</distorFormat>
		</distributor>
	</distInfo>
	<Esri>
		<ModDate>20050919</ModDate>
		<ModTime>11162900</ModTime>
		<SyncDate>20050919</SyncDate>
		<SyncOnce>FALSE</SyncOnce>
		<SyncTime>11162900</SyncTime>
		<CreaDate>20050826</CreaDate>
		<CreaTime>00062300</CreaTime>
		<MetaID>{7E95BC04-37E2-4794-A5DC-1CFCD037DAF7}</MetaID><DataProperties><lineage><Process Name="DefineProjection_1" ToolSource="C:\arcgis\ArcToolbox\Toolboxes\Data Management Tools.tbx\DefineProjection" Date="20061106" Time="171244">DefineProjection J:\historical\test\esrp_histlu\histlu200408.shp PROJCS['NAD_1927_California_Teale_Albers',GEOGCS['GCS_North_American_1927',DATUM['D_North_American_1927',SPHEROID['Clarke_1866',6378206.4,294.9786982]],PRIMEM['Greenwich',0.0],UNIT['Degree',0.0174532925199433]],PROJECTION['Albers'],PARAMETER['False_Easting',0.0],PARAMETER['False_Northing',-4000000.0],PARAMETER['Central_Meridian',-120.0],PARAMETER['Standard_Parallel_1',34.0],PARAMETER['Standard_Parallel_2',40.5],PARAMETER['Latitude_Of_Origin',0.0],UNIT['Meter',1.0]] J:\historical\test\esrp_histlu\histlu200408.shp</Process></lineage></DataProperties></Esri>
	<mdChar>
		<CharSetCd Sync="TRUE" value="004"></CharSetCd>
	</mdChar>
	<mdDateSt Sync="TRUE">20050919</mdDateSt>
	<mdHrLv>
		<ScopeCd Sync="TRUE" value="005"></ScopeCd>
	</mdHrLv>
	<mdHrLvName Sync="TRUE">dataset</mdHrLvName>
	<mdLang>
		<languageCode Sync="TRUE" value="en"></languageCode>
	</mdLang>
	<mdStanName Sync="TRUE">ISO 19115 Geographic Information - Metadata</mdStanName>
	<mdStanVer Sync="TRUE">DIS_ESRI1.0</mdStanVer>
	<refSysInfo>
		<RefSystem>
			<refSysID>
				<identCode Sync="TRUE">Custom</identCode>
			</refSysID>
		</RefSystem>
	</refSysInfo>
	<spatRepInfo>
		<VectSpatRep>
			<topLvl>
				<TopoLevCd Sync="TRUE" value="001"></TopoLevCd>
			</topLvl>
			<geometObjs Name="histlu200408"><geoObjTyp><GeoObjTypCd Sync="TRUE" value="001"></GeoObjTypCd></geoObjTyp><geoObjCnt Sync="TRUE">12791</geoObjCnt></geometObjs></VectSpatRep>
	</spatRepInfo>
</metadata>
