{"error": null, "params": {"dates": [{"endDate": "09-27-2020", "recurring": false, "startDate": "09-06-2020", "yearRange": [1950, 2050]}], "layers": [{"layer": "Evaporative_Stress_Index_PT_JPL_ESIavg", "product": "ECO4ESIPTJPL.001"}, {"layer": "Evaporative_Stress_Index_PT_JPL_PET", "product": "ECO4ESIPTJPL.001"}], "output": {"format": {"type": "geotiff"}}, "coordinates": [{"id": "Aven", "category": "Sept", "latitude": 36.0878, "longitude": -120.1912}, {"id": "CaS", "category": "Sept", "latitude": 35.116, "longitude": -119.624}, {"id": "CaSl", "category": "Sept", "latitude": 35.065, "longitude": -119.539}, {"id": "Coal", "category": "Sept", "latitude": 36.213, "longitude": -120.303}, {"id": "Lok", "category": "Sept", "latitude": 35.355, "longitude": -119.588}, {"id": "Mov", "category": "Sept", "latitude": 36.561, "longitude": -120.548}, {"id": "PaPl", "category": "Sept", "latitude": 36.7, "longitude": -120.801}, {"id": "SemiT", "category": "Sept", "latitude": 35.658, "longitude": -119.61}, {"id": "SiCr", "category": "Sept", "latitude": 36.586, "longitude": -120.688}]}, "status": "processing", "created": "2022-02-10T21:54:57.464541", "task_id": "dcbf1f21-909b-44ec-81ca-109d75cdf6f7", "updated": "2022-02-10T22:05:26.119221", "user_id": "braunj@yorku.ca", "estimate": {"request_size": 198}, "retry_at": null, "has_swath": true, "task_name": "September", "task_type": "point", "api_version": null, "svc_version": "2.70", "web_version": "2.70", "size_category": "0", "has_nsidc_daac": false, "expires_on": "2022-03-12T22:05:26.119221", "attempts": 1}
