<?xml version="1.0" encoding="UTF-8"?>
<?xml-stylesheet type="text/xsl" href="fgdc_classic.xsl"?>
<metadata xmlns:xsi="http://www.w3.org/2001/XMLSchema-instance" xsi:noNamespaceSchemaLocation="http://water.usgs.gov/GIS/metadata/usgswrd/fgdc-std-001-1998.xsd">
<idinfo>
<citation>
<citeinfo>
<origin>Faunt, Claudia C.</origin>
<pubdate>2012</pubdate>
<title>Spatial Provinces and Domains of the Central Valley for Textural Analysis</title>
<geoform>vector digital data</geoform>
<serinfo>
<sername>Professional Paper</sername>
<issue>1766</issue>
</serinfo>
<pubinfo>
<pubplace>Reston, Virginia</pubplace>
<publish>U.S. Geological Survey</publish>
</pubinfo>
<onlink>http://ca.water.usgs.gov/projects/central-valley/datasets/cvhm_texture_regions.zip</onlink>
<lworkcit>
<citeinfo>
<origin>Faunt, Claudia C. (editor)</origin>
<pubdate>2009</pubdate>
<title>Groundwater Availability of the Central Valley Aquifer, California</title>
<pubinfo>
<pubplace>Reston, Virginia</pubplace>
<publish>U.S. Geological Survey</publish>
</pubinfo>
<othercit>3 chapters, 1 appendix</othercit>
</citeinfo>
</lworkcit>
</citeinfo>
</citation>
<descript>
<abstract>This digital dataset contains the 9 major areas used to subdivide the Central Valley for the interpolation of the percentage of coarse-grained deposits into the texture model.  This texture model was used as input data for the hydraulic properties portion of the Central Valley Hydrologic Model (CVHM).  The Central Valley encompasses an approximate 50,000 square-kilometer region of California. The complex hydrologic system of the Central Valley is simulated using the USGS numerical modeling code MODFLOW-FMP (Schmid and others, 2006).  This simulation is referred to here as the CVHM (Faunt, 2009). Utilizing MODFLOW-FMP, the CVHM simulates groundwater and surface-water flow, irrigated agriculture, land subsidence, and other key processes in the Central Valley on a monthly basis from 1961-2003.  The total active modeled area is 20,334 square-miles on a finite difference grid comprising 441 rows and 98 columns. Slightly less than 50 percent of the cells are active. The CVHM model grid has a uniform horizontal discretization of 1x1 square mile and is oriented parallel to the valley axis, 34 degrees west of north (Faunt, 2009). In order to better characterize the aquifer-system deposits, lithologic data from approximately 8,500 drillers' logs of boreholes ranging in depth from 12 to 3,000 feet below land surface were compiled and analyzed. The percentage of coarse-grained sediment, or texture, then was computed for each 50-foot depth interval of the drillers' logs. A 3-dimensional texture model was developed by interpolating the percentage of coarse-grained deposits onto a 1-mile spatial grid at 50-foot-depth intervals from land surface to 2,800 feet below land surface. The CVHM is the most recent regional-scale model of the Central Valley developed by the U.S. Geological Survey (USGS).  The CVHM was developed as part of the USGS Groundwater Resources Program (see "Foreword", Chapter A, page iii, for details).</abstract>
<purpose>The 9 major areas were used to subdivide the Central Valley for the interpolation of the percentage of coarse-grained deposits into the texture model.  The texture model was used as input to MODFLOW-FMP, the USGS 3-dimensional finite-difference code used to simulate flow in the CVHM.  The CVHM is a tool that accounts for integrated, variable water supply and demand, and simulates surface-water and groundwater-flow across the entire Central Valley system.</purpose>
<supplinf>The texture-model major-areas dataset is one of many layers in a geospatial database supporting the USGS Central Valley Groundwater Availability Project. Regional groundwater availability studies quantify current groundwater resources, evaluate how those resources have changed through time, and provide tools that decision makers can use to predict system responses to future development and climate variability and change. To provide information to stakeholders addressing these issues, the USGS made a detailed assessment of groundwater availability of the Central Valley aquifer system, which includes: (1) the present status of groundwater resources; (2) characterization of how these resources have changed over time; and (3) tools to assess system responses to stresses from future human uses and climate variability and change. This effort builds on previous investigations, such as the USGS Central Valley Regional Aquifer System and Analysis (CV-RASA) project and several other groundwater studies in the Valley completed by Federal, State and local agencies at various scales.  Data from these previous studies were the foundation of the Central Valley geospatial database. These and other data were re-examined through a series of regional-scale hydrologic investigations to provide updated and spatially consistent interpretations for the Central Valley Groundwater Availability study. In some cases, new data were collected to augment existing information. Data compiled from the studies include geology (in particular, borehole lithology and the extent and thickness of the Corcoran Clay Member of the Tulare Formation), topography, remote sensing, climate (precipitation and temperature), geophysics, vegetation and land use, vegetation properties, hydrology (stream network and flows), groundwater levels, subsidence, chemistry, and soils.  Digital elevation models, geologic maps, borehole information, cross sections, and other 3-dimensional models were used to develop the texture model which represents the properties and geometry of the Central Valley alluvial deposits. The resulting geospatial database supports characterization and conceptualization of the Central Valley hydrologic system between 1961 and 2003, construction of 3-dimensional hydrogeologic framework and hydrologic flow models, and visualization of analysis and model results.</supplinf>
</descript>
<timeperd>
<timeinfo>
<sngdate>
<caldate>2009</caldate>
</sngdate>
</timeinfo>
<current>publication date</current>
</timeperd>
<status>
<progress>Complete</progress>
<update>None planned</update>
</status>
<spdom>
<bounding>
<westbc>-122.641382</westbc>
<eastbc>-118.472608</eastbc>
<northbc>40.702574</northbc>
<southbc>34.889516</southbc>
</bounding>
</spdom>
<keywords>
<theme>
<themekt>ISO 19115 Topic Category</themekt>
<themekey>geoscientificinformation</themekey>
</theme>
<theme>
<themekt>American Geological Institute Glossary of Geology (http://glossary.agiweb.org/dbtw-wpd/glossary/search.aspx)</themekt>
<themekey>hydrology</themekey>
<themekey>hydrogeology</themekey>
<themekey>groundwater</themekey>
<themekey>model</themekey>
</theme>
<theme>
<themekt>none</themekt>
<themekey>Central Valley Aquifer</themekey>
<themekey>Central Valley Hydrologic Model</themekey>
<themekey>Texture Model</themekey>
<themekey>Flow Model CVHM</themekey>
<themekey>CV-RASA</themekey>
<themekey>Groundwater Availability of the Central Valley Aquifer</themekey>
</theme>
<place>
<placekt>U.S. Board of Geographic Names (BGN) and Geographic Names Information System (GNIS)</placekt>
<placekey>California</placekey>
<placekey>Central Valley</placekey>
<placekey>Trinity County</placekey>
<placekey>Shasta County</placekey>
<placekey>Tehama County</placekey>
<placekey>Humboldt County</placekey>
<placekey>Butte County</placekey>
<placekey>Mendocino County</placekey>
<placekey>Glenn County</placekey>
<placekey>Yuba County</placekey>
<placekey>Lake County</placekey>
<placekey>Nevada County</placekey>
<placekey>Colusa County</placekey>
<placekey>Sutter County</placekey>
<placekey>Placer County</placekey>
<placekey>El Dorado County</placekey>
<placekey>Yolo County</placekey>
<placekey>Sonoma County</placekey>
<placekey>Napa County</placekey>
<placekey>Sacramento County</placekey>
<placekey>Amador County</placekey>
<placekey>Solano County</placekey>
<placekey>Calaveras County</placekey>
<placekey>Tuolumne County</placekey>
<placekey>San Joaquin County</placekey>
<placekey>Contra Costa County</placekey>
<placekey>Stanislaus County</placekey>
<placekey>Alameda County</placekey>
<placekey>Mariposa County</placekey>
<placekey>Madera County</placekey>
<placekey>Merced County</placekey>
<placekey>Fresno County</placekey>
<placekey>Santa Clara County</placekey>
<placekey>San Benito County</placekey>
<placekey>Monterey County</placekey>
<placekey>Tulare County</placekey>
<placekey>Kings County</placekey>
<placekey>Kern County</placekey>
<placekey>San Luis Obispo County</placekey>
<placekey>Santa Barbara County</placekey>
<placekey>Ventura County</placekey>
<placekey>Sacramento Valley</placekey>
<placekey>San Joaquin Valley</placekey>
<placekey>Central Valley, California</placekey>
</place>
</keywords>
<accconst>None.</accconst>
<useconst>
Data have been checked to ensure the accuracy of the data. If any errors are detected, please notify the originating office. The U.S. Geological Survey strongly recommends that careful attention be paid to the metadata file associated with these data. The U.S. Geological Survey shall not be held liable for improper or incorrect use of the data described and (or) contained herein.

Acknowledgement of the U.S. Geological Survey would be appreciated in products derived from these data.

Any use of trade, product, or firm names is for descriptive purposes only and does not imply endorsement by the U.S. Government. Although this Federal Geographic Data Committee-compliant metadata file is intended to document the dataset in nonproprietary form, as well as in ArcGIS format, this metadata file may include some ArcGIS-specific terminology.
</useconst>
<ptcontac>
<cntinfo>
<cntperp>
<cntper>Claudia C. Faunt</cntper>
<cntorg>U.S. Geological Survey</cntorg>
</cntperp>
<cntpos>Hydrologist</cntpos>
<cntaddr>
<addrtype>mailing and physical address</addrtype>
<address>California Water Science Center</address>
<city>San Diego</city>
<state>California</state>
<postal>92101</postal>
<country>USA</country>
</cntaddr>
<cntvoice>(619) 225-6142</cntvoice>
<cntfax>(619) 225-6101</cntfax>
<cntemail>ccfaunt@usgs.gov</cntemail>
</cntinfo>
</ptcontac>
<datacred>Spatial datasets supporting the Central Valley Groundwater Availability project were developed primarily by the U.S. Geological Survey's (USGS) Groundwater Resources Program.  This program is conducting large-scale multidisciplinary regional studies of groundwater availability.  The U.S. Bureau of Reclamation is supporting the updating of the Central Valley datasets and their documentation and release.</datacred>
<native>Microsoft Windows XP Version 5.1 (Build 2600) Service Pack 3; ESRI ArcCatalog 9.3.1.3500</native>
<crossref>
<citeinfo>
<origin>Schmid, Wolfgang</origin>
<origin>Hanson, R. T.</origin>
<origin>Maddock, Thomas, III</origin>
<origin>Leake, S. A.</origin>
<pubdate>2006</pubdate>
<title>User guide for the farm process (FMP1) for the U.S. Geological Survey's modular three-dimensional finite-difference ground-water flow model, MODFLOW-2000</title>
<serinfo>
<sername>Techniques and Methods</sername>
<issue>6-A17</issue>
</serinfo>
<pubinfo>
<pubplace>Sacramento, CA</pubplace>
<publish>USGS California Water Science Center</publish>
</pubinfo>
<onlink>http://pubs.usgs.gov/tm/2006/tm6A17/</onlink>
</citeinfo>
</crossref>
</idinfo>
<dataqual>
<attracc>
<attraccr>Attributes added by the GIS and the data-set author were checked by inspection using a GIS. In addition, attributes were checked and evaluated as part of the review process associated with the publication of the source report.</attraccr>
</attracc>
<logic>Lines forming polygons join at endpoints to completely enclose defined areas. Lines not enclosing areas do not intersect. No duplicate line features exist and all nodes are represented by a single coordinate pair which indicates the beginning or end of a line. All vertices that define the shape of the line are represented by a unique coordinate pair.</logic>
<complete>The shape file shows a subset of groundwater basins and subbasins as defined by the California Department of Water Resources Bulletin 118. Groundwater basins are designated on the basis of geological and hydrological conditions, these usually being the occurrence of alluvial or unconsolidated deposits. When practical, large basins are also subdivided by political boundaries, as in the Central Valley. Basins are named and numbered per the convention of the Department of Water Resources. The dataset is complete and is not anticipated to change.</complete>
<posacc>
<horizpa>
<horizpar>Horizontal positional accuracy of line features in the dataset was tested by visually comparing to digital source maps by using a GIS system.</horizpar>
</horizpa>
</posacc>
<lineage>
<srcinfo>
<srccite>
<citeinfo>
<origin>Faunt, C. C.</origin>
<origin>Hanson, R.T.</origin>
<origin>Belitz, K.</origin>
<pubdate>2009</pubdate>
<title>Chapter A - Introduction, Overview of Hydrogeology, and Textural Model of California's Central Valley</title>
<geoform>document</geoform>
<serinfo>
<sername>U.S. Geological Survey Professional Paper</sername>
<issue>2009-1766</issue>
</serinfo>
<pubinfo>
<pubplace>Reston, Virginia</pubplace>
<publish>U.S. Geological Survey</publish>
</pubinfo>
<lworkcit>
<citeinfo>
<origin>Faunt, C.C.</origin>
<pubdate>2009</pubdate>
<title>Groundwater Availability of the Central Valley Aquifer, California</title>
<serinfo>
<sername>U.S. Geological Survey Professional Paper</sername>
<issue>2009-1766</issue>
</serinfo>
<pubinfo>
<pubplace>Reston, Virginia</pubplace>
<publish>U.S. Geological Survey</publish>
</pubinfo>
</citeinfo>
</lworkcit>
</citeinfo>
</srccite>
<srcscale>500000</srcscale>
<typesrc>online</typesrc>
<srctime>
<timeinfo>
<sngdate>
<caldate>2009</caldate>
</sngdate>
</timeinfo>
<srccurr>publication date</srccurr>
</srctime>
<srccitea>Faunt and others (2009)</srccitea>
<srccontr>See Professional Paper 1766 - Groundwater Availability of the Central Valley Aquifer, California.</srccontr>
</srcinfo>
<srcinfo>
<srccite>
<citeinfo>
<origin>California Department of Water Resources</origin>
<pubdate>2003</pubdate>
<title>California's Groundwater Update 2003, Bulletin 118</title>
<serinfo>
<sername>Groundwater Update</sername>
<issue>Bulletin 118</issue>
</serinfo>
<pubinfo>
<pubplace>Sacramento, CA</pubplace>
<publish>California Department of Water Resources</publish>
</pubinfo>
<onlink>http://www.water.ca.gov/groundwater/bulletin118/update2003.cfm</onlink>
</citeinfo>
</srccite>
<typesrc>online</typesrc>
<srctime>
<timeinfo>
<sngdate>
<caldate>2009</caldate>
</sngdate>
</timeinfo>
<srccurr>publication date</srccurr>
</srctime>
<srccitea>CA DWR (2003)</srccitea>
<srccontr>percentage of coarse-grained deposits</srccontr>
</srcinfo>
<procstep>
<procdesc>A digital shapefile was obtained for major groundwater basins of the Central Valley (CA-DWR, 2003). A subset was chosen as representative for the textural analysis in this study.</procdesc>
<srcused>CA-DWR (2003)</srcused>
<procdate>Unknown</procdate>
<proccont>
<cntinfo>
<cntperp>
<cntper>Faunt, C.C.</cntper>
<cntorg>USGS</cntorg>
</cntperp>
<cntpos>Hydrologist</cntpos>
<cntaddr>
<addrtype>mailing and physical address</addrtype>
<address>4165 Spruance Road, Suite 200</address>
<city>San Diego</city>
<state>CA</state>
<postal>92101</postal>
<country>USA</country>
</cntaddr>
<cntvoice>(619) 225-6142</cntvoice>
<cntemail>ccfaunt@usgs.gov</cntemail>
</cntinfo>
</proccont>
</procstep>
</lineage>
</dataqual>
<spdoinfo>
<indspref>Central Valley, comprised of the Sacramento Valley on the north and the San Joaquin Valley on the south, located in the state of California.</indspref>
<direct>Vector</direct>
<ptvctinf>
<sdtsterm>
<sdtstype>G-polygon</sdtstype>
<ptvctcnt>13</ptvctcnt>
</sdtsterm>
</ptvctinf>
</spdoinfo>
<spref>
<horizsys>
<planar>
<mapproj>
<mapprojn>Albers Conical Equal Area</mapprojn>
<albers>
<stdparll>29.500000</stdparll>
<stdparll>45.500000</stdparll>
<longcm>-120.000000</longcm>
<latprjo>23.000000</latprjo>
<feast>0.000000</feast>
<fnorth>0.000000</fnorth>
</albers>
</mapproj>
<planci>
<plance>coordinate pair</plance>
<coordrep>
<absres>100</absres>
<ordres>100</ordres>
</coordrep>
<plandu>meters</plandu>
</planci>
</planar>
<geodetic>
<horizdn>North American Datum of 1983</horizdn>
<ellips>Geodetic Reference System 80</ellips>
<semiaxis>6378137.000000</semiaxis>
<denflat>298.257222</denflat>
</geodetic>
</horizsys>
</spref>
<eainfo>
<detailed>
<enttyp>
<enttypl>cvhm_texture_regions</enttypl>
<enttypd>Central Valley Hydrologic Model Texture Regions</enttypd>
<enttypds>dataset originator</enttypds>
</enttyp>
<attr>
<attrlabl>FID</attrlabl>
<attrdef>Internal feature number.</attrdef>
<attrdefs>ESRI</attrdefs>
<attrdomv>
<udom>Sequential unique whole numbers that are automatically generated.</udom>
</attrdomv>
</attr>
<attr>
<attrlabl>Shape</attrlabl>
<attrdef>Feature geometry.</attrdef>
<attrdefs>ESRI</attrdefs>
<attrdomv>
<udom>Coordinates defining the features.</udom>
</attrdomv>
</attr>
<attr>
<attrlabl>MajorArea</attrlabl>
<attrdef>Textural analysis spatial provinces and domains</attrdef>
<attrdefs>dataset originator</attrdefs>
<attrdomv>
<edom>
<edomv>Spatial Province</edomv>
<edomvd>goupings of similar groundwater domains</edomvd>
<edomvds>Metadata Author</edomvds>
</edom>
</attrdomv>
<attrdomv>
<edom>
<edomv>10</edomv>
<edomvd>Spatial Province Number for Redding</edomvd>
<edomvds>dataset originator</edomvds>
</edom>
</attrdomv>
<attrdomv>
<edom>
<edomv>11</edomv>
<edomvd>Spatial Province Number for Western Sacramento</edomvd>
<edomvds>dataset originator</edomvds>
</edom>
</attrdomv>
<attrdomv>
<edom>
<edomv>12</edomv>
<edomvd>Spatial Province Number for Eastern Sacramento</edomvd>
<edomvds>dataset originator</edomvds>
</edom>
</attrdomv>
<attrdomv>
<edom>
<edomv>20</edomv>
<edomvd>Spatial Province Number for Tracy/Delta Mendota</edomvd>
<edomvds>dataset originator</edomvds>
</edom>
</attrdomv>
<attrdomv>
<edom>
<edomv>21</edomv>
<edomvd>Spatial Province Number for Westside</edomvd>
<edomvds>dataset originator</edomvds>
</edom>
</attrdomv>
<attrdomv>
<edom>
<edomv>22</edomv>
<edomvd>Spatial Province Number for Northern San Joaquin</edomvd>
<edomvds>dataset originator</edomvds>
</edom>
</attrdomv>
<attrdomv>
<edom>
<edomv>23</edomv>
<edomvd>Spatial Province Number for Chowchilla-Madera</edomvd>
<edomvds>dataset originator</edomvds>
</edom>
</attrdomv>
<attrdomv>
<edom>
<edomv>24</edomv>
<edomvd>Spatial Province Number for Kings</edomvd>
<edomvds>dataset originator</edomvds>
</edom>
</attrdomv>
<attrdomv>
<edom>
<edomv>30</edomv>
<edomvd>Spatial Province Number for Tulare/Kern</edomvd>
<edomvds>dataset originator</edomvds>
</edom>
</attrdomv>
<attrdomv>
<edom>
<edomv>Domain</edomv>
<edomvd>goupings of similar groundwater subbasins</edomvd>
<edomvds>dataset originator</edomvds>
</edom>
</attrdomv>
<attrdomv>
<edom>
<edomv>Redding</edomv>
<edomvd>Redding groundwater subbasin domain</edomvd>
<edomvds>dataset originator</edomvds>
</edom>
</attrdomv>
<attrdomv>
<edom>
<edomv>Western Sacramento</edomv>
<edomvd>Western Sacramento groundwater subbasin domain</edomvd>
<edomvds>dataset originator</edomvds>
</edom>
</attrdomv>
<attrdomv>
<edom>
<edomv>Eastern Sacramento</edomv>
<edomvd>Eastern Sacramento groundwater subbasin domain</edomvd>
<edomvds>dataset originator</edomvds>
</edom>
</attrdomv>
<attrdomv>
<edom>
<edomv>Tracy/Delta-Mendota (above Corcoran Clay)</edomv>
<edomvd>Tracy/Delta-Mendota (above Corcoran Clay) groundwater subbasin domain</edomvd>
<edomvds>dataset originator</edomvds>
</edom>
</attrdomv>
<attrdomv>
<edom>
<edomv>Tracy/Delta-Mendota (Corcoran Clay absent)</edomv>
<edomvd>Tracy/Delta-Mendota (Corcoran Clay absent) groundwater subbasin domain</edomvd>
<edomvds>dataset originator</edomvds>
</edom>
</attrdomv>
<attrdomv>
<edom>
<edomv>Westside (above Corcoran Clay)</edomv>
<edomvd>Westside (above Corcoran Clay) groundwater subbasin domain</edomvd>
<edomvds>dataset originator</edomvds>
</edom>
</attrdomv>
<attrdomv>
<edom>
<edomv>Westside (Corcoran Clay absent)</edomv>
<edomvd>Westside (Corcoran Clay absent) groundwater subbasin domain</edomvd>
<edomvds>dataset originator</edomvds>
</edom>
</attrdomv>
<attrdomv>
<edom>
<edomv>Northern San Joaquin (above Corcoran Clay)</edomv>
<edomvd>Northern San Joaquin (above Corcoran Clay) groundwater subbasin domain</edomvd>
<edomvds>dataset originator</edomvds>
</edom>
</attrdomv>
<attrdomv>
<edom>
<edomv>Northern San Joaquin (Corcoran Clay absent)</edomv>
<edomvd>Northern San Joaquin (Corcoran Clay absent) groundwater subbasin domain</edomvd>
<edomvds>dataset originator</edomvds>
</edom>
</attrdomv>
<attrdomv>
<edom>
<edomv>Chowchilla-Madera (above Corcoran Clay)</edomv>
<edomvd>Chowchilla-Madera (above Corcoran Clay) groundwater subbasin domain</edomvd>
<edomvds>dataset originator</edomvds>
</edom>
</attrdomv>
<attrdomv>
<edom>
<edomv>Chowchilla-Madera (Corcoran Clay absent)</edomv>
<edomvd>Chowchilla-Madera (Corcoran Clay absent) groundwater subbasin domain</edomvd>
<edomvds>dataset originator</edomvds>
</edom>
</attrdomv>
<attrdomv>
<edom>
<edomv>Kings (above Corcoran Clay)</edomv>
<edomvd>Kings (above Corcoran Clay) groundwater subbasin domain</edomvd>
<edomvds>dataset originator</edomvds>
</edom>
</attrdomv>
<attrdomv>
<edom>
<edomv>Kings (Corcoran Clay absent)</edomv>
<edomvd>Kings (Corcoran Clay absent) groundwater subbasin domain</edomvd>
<edomvds>dataset originator</edomvds>
</edom>
</attrdomv>
<attrdomv>
<edom>
<edomv>Tulare/Kern (above Corcoran Clay)</edomv>
<edomvd>Tulare/Kern (above Corcoran Clay) groundwater subbasin domain</edomvd>
<edomvds>dataset originator</edomvds>
</edom>
</attrdomv>
<attrdomv>
<edom>
<edomv>Tulare/Kern (Corcoran Clay absent)</edomv>
<edomvd>Tulare/Kern (Corcoran Clay absent) groundwater subbasin domain</edomvd>
<edomvds>dataset originator</edomvds>
</edom>
</attrdomv>
</attr>
</detailed>
<overview>
<eaover>There are 13 records in this shapefile. It has two attributes that are generated by the GIS (FID and Shape) for internal software purposes. The remaining attribute was assigned by the author (dataset Originator) to define the Central Valley Hydrologic Model Texture Regions which were used for kriging. This data was used for analysis and for developing input files for the CVHM textural model and numerical ground-water flow model.</eaover>
<eadetcit>none.</eadetcit>
</overview>
</eainfo>
<distinfo>
<distrib>
<cntinfo>
<cntorgp>
<cntorg>U.S. Geological Survey</cntorg>
</cntorgp>
<cntpos>Ask USGS -- Water Webserver Team</cntpos>
<cntaddr>
<addrtype>mailing address</addrtype>
<address>445 National Center</address>
<city>Reston</city>
<state>VA</state>
<postal>20192</postal>
<country>USA</country>
</cntaddr>
<cntvoice>1-888-275-8747 (1-888-ASK-USGS)</cntvoice>
<cntemail>http://water.usgs.gov/user_feedback_form.html</cntemail>
</cntinfo>
</distrib>
<resdesc>
Downloadable Data
Digital geospatial datasets for the textural model and numerical model of the hydrogeologic landscape and groundwater flow in California's Central Valley.
</resdesc>
<distliab>Although these data have been used by the U.S. Geological Survey, U.S. Department of the Interior, no warranty expressed or implied is made by the U.S. Geological Survey as to the accuracy of the data.  The act of distribution shall not constitute any such warranty, and no responsibility is assumed by the U.S. Geological Survey in the use of these data, software, or related materials.
The use of firm, trade, or brand names in this report is for identification purposes only and does not constitute endorsement by the U.S. Geological Survey.  The names mentioned in this document may be trademarks or registered trademarks of their respective trademark owners.</distliab>
<stdorder>
<digform>
<digtinfo>
<formname>SHP</formname>
<formvern>ESRI Shapefile</formvern>
<transize>0.0520019531</transize>
</digtinfo>
<digtopt>
<onlinopt>
<computer>
<networka>
<networkr>http://water.usgs.gov/GIS/dsdl/pp1766_cvhm_texture_regions.zip</networkr>
</networka>
</computer>
</onlinopt>
</digtopt>
</digform>
<fees>None. This dataset is provided by the USGS as a public service.</fees>
</stdorder>
<availabl>
<timeinfo>
<sngdate>
<caldate>2011</caldate>
</sngdate>
</timeinfo>
</availabl>
</distinfo>
<metainfo>
		<metd>20120824</metd>
		<metc>
			<cntinfo>
				<cntorgp>
					<cntorg>U.S. Geological Survey</cntorg>
				</cntorgp>
				<cntpos>Ask USGS -- Water Webserver Team</cntpos>
				<cntaddr>
					<addrtype>mailing address</addrtype>
					<address>455 National Center</address>
					<city>Reston</city>
					<state>VA</state>
					<postal>20192</postal>
					<country>USA</country>
				</cntaddr>
				<cntvoice>1-888-275-8747 (1-888-ASK-USGS)</cntvoice>
				<cntemail>http://water.usgs.gov/user_feedback_form.html</cntemail>
			</cntinfo>
		</metc>
		<metstdn>FGDC Content Standards for Digital Geospatial Metadata</metstdn>
		<metstdv>FGDC-STD-001-1998</metstdv>
	</metainfo>
</metadata>
