<?xml version="1.0"?>
<!--<!DOCTYPE metadata SYSTEM "http://www.esri.com/metadata/esriprof80.dtd">-->
<metadata xml:lang="en">
	<Esri>
		<MetaID>{67CDB236-A212-4C72-AF5A-2BD0044F9C63}</MetaID>
		<CreaDate>20041006</CreaDate>
		<CreaTime>21300700</CreaTime>
		<SyncOnce>FALSE</SyncOnce>
		<SyncDate>20041007</SyncDate>
		<SyncTime>20312600</SyncTime>
		<ModDate>20041007</ModDate>
		<ModTime>20312600</ModTime>
	</Esri>
	<idinfo>
		<native>Win32 x86; ESRI ArcCatalog 9.0.0.535</native>
		<descript>
			<langdata Sync="TRUE">en</langdata>
			<abstract>Land use and land cover of the San Joaquin Valley
      of California and surrounding areas.</abstract>
			<purpose>To help assess the availability of suitable habitat
      for upland species of the San Joaquin Valley</purpose>
			<supplinf>This is probably the final draft of verison 1 of
      the ESRP land cover data. There is a version 2 planned with
      additional data sources and improved methodology for regular
      updates.</supplinf>
		</descript>
		<citation>
			<citeinfo>
				<origin>California State University, Stanislaus, Endangered
        Species Recovery Program</origin>
				<pubdate>2004-07-10</pubdate>
				<title>Land use and land cover of the San Joaquin Valley of
        California and surrounding areas</title>
				<ftname Sync="TRUE">lulc200406</ftname>
				<geoform Sync="TRUE">vector digital data</geoform>
				<onlink>http://esrp.csustan.edu/gis</onlink>
				<edition>2004-06</edition>
			</citeinfo>
		</citation>
		<timeperd>
			<current>ground condition</current>
			<timeinfo>
				<rngdates>
					<begdate>1990-01-01</begdate>
					<enddate>2003-06-01</enddate>
				</rngdates>
			</timeinfo>
		</timeperd>
		<status>
			<progress>In work</progress>
			<update>As needed</update>
		</status>
		<spdom>
			<bounding>
				<westbc Sync="TRUE">-122.516853</westbc>
				<eastbc Sync="TRUE">-118.429511</eastbc>
				<northbc Sync="TRUE">38.026002</northbc>
				<southbc Sync="TRUE">34.474789</southbc>
			</bounding>
			<lboundng>
				<leftbc Sync="TRUE">-220703.578125</leftbc>
				<rightbc Sync="TRUE">137696.875000</rightbc>
				<bottombc Sync="TRUE">-390863.656250</bottombc>
				<topbc Sync="TRUE">888.911743</topbc>
			</lboundng>
		</spdom>
		<keywords>
			<theme>
				<themekt>CSA/NBII Biocomplexity Thesaurus</themekt>
				<themekey>Lands</themekey>
				<themekey>Land use</themekey>
				<themekey>Urban environments</themekey>
				<themekey>Suburban environments</themekey>
				<themekey>Agricultural land</themekey>
				<themekey>Crop fields</themekey>
				<themekey>Vegetation</themekey>
				<themekey>Terrestrial ecosystems</themekey>
				<themekey>Grasslands</themekey>
				<themekey>Scrub</themekey>
				<themekey>Chaparral</themekey>
				<themekey>Forests</themekey>
				<themekey>Wetlands</themekey>
			</theme>
			<place>
				<placekey>California</placekey>
				<placekey>Great Central Valley</placekey>
				<placekey>San Joaquin Valley</placekey>
				<placekt>None</placekt>
				<placekey>Central Western California</placekey>
			</place>
		</keywords>
		<accconst>None</accconst>
		<useconst>None</useconst>
		<natvform Sync="TRUE">Shapefile</natvform>
		<ptcontac>
			<cntinfo>
				<cntorgp>
					<cntorg>CSUS/ESRP</cntorg>
					<cntper>Scott Phillips</cntper>
				</cntorgp>
				<cntpos>GIS Analyst</cntpos>
				<cntemail>gis@esrp.csustan.edu</cntemail>
			</cntinfo>
		</ptcontac>
		<datacred>CSU Stanislaus, Endangered Species Recovery
    Program</datacred>
		<browse>
			<browsen>esrplulc.jpg</browsen>
			<browsed>Sample image of land use land cover data</browsed>
			<browset>JPEG</browset>
		</browse>
	</idinfo>
	<dataIdInfo>
		<envirDesc Sync="TRUE">Microsoft Windows 2000 Version 5.0 (Build 2195) Service Pack 4; ESRI ArcCatalog 9.0.0.535</envirDesc>
		<dataLang>
			<languageCode Sync="TRUE" value="en">
			</languageCode>
		</dataLang>
		<idCitation>
			<resTitle Sync="TRUE">lulc200406</resTitle>
			<presForm>
				<PresFormCd Sync="TRUE" value="005">
				</PresFormCd>
			</presForm>
		</idCitation>
		<spatRpType>
			<SpatRepTypCd Sync="TRUE" value="001">
			</SpatRepTypCd>
		</spatRpType>
		<dataExt>
			<geoEle>
				<GeoBndBox esriExtentType="native">
					<westBL Sync="TRUE">-220703.578125</westBL>
					<eastBL Sync="TRUE">137696.875</eastBL>
					<northBL Sync="TRUE">888.911743</northBL>
					<southBL Sync="TRUE">-390863.65625</southBL>
					<exTypeCode Sync="TRUE">1</exTypeCode>
				</GeoBndBox>
			</geoEle>
		</dataExt>
		<geoBox esriExtentType="decdegrees">
			<westBL Sync="TRUE">-122.516853</westBL>
			<eastBL Sync="TRUE">-118.429511</eastBL>
			<northBL Sync="TRUE">38.026002</northBL>
			<southBL Sync="TRUE">34.474789</southBL>
			<exTypeCode Sync="TRUE">1</exTypeCode>
		</geoBox>
	</dataIdInfo>
	<metainfo>
		<langmeta Sync="TRUE">en</langmeta>
		<metstdn Sync="TRUE">FGDC Content Standards for Digital Geospatial Metadata</metstdn>
		<metstdv Sync="TRUE">FGDC-STD-001-1998</metstdv>
		<mettc Sync="TRUE">local time</mettc>
		<metc>
			<cntinfo>
				<cntorgp>
					<cntper>Scott Phillips</cntper>
					<cntorg>CSU Stanislaus, Endangered Species Recovery
          Program</cntorg>
				</cntorgp>
				<cntaddr>
					<addrtype>mailing address</addrtype>
					<city>Fresno</city>
					<state>CA</state>
					<postal>93727</postal>
					<address>Not listed</address>
					<country>US</country>
				</cntaddr>
				<cntvoice>not listed</cntvoice>
				<cntpos>GIS Analyst</cntpos>
				<cntemail>gis@esrp.csustan.edu</cntemail>
			</cntinfo>
		</metc>
		<metd Sync="TRUE">20041007</metd>
		<metextns><onlink Sync="TRUE">http://www.esri.com/metadata/esriprof80.html</onlink><metprof Sync="TRUE">ESRI Metadata Profile</metprof></metextns></metainfo>
	<mdLang>
		<languageCode Sync="TRUE" value="en">
		</languageCode>
	</mdLang>
	<mdStanName Sync="TRUE">ISO 19115 Geographic Information - Metadata</mdStanName>
	<mdStanVer Sync="TRUE">DIS_ESRI1.0</mdStanVer>
	<mdChar>
		<CharSetCd Sync="TRUE" value="004">
		</CharSetCd>
	</mdChar>
	<mdHrLv>
		<ScopeCd Sync="TRUE" value="005">
		</ScopeCd>
	</mdHrLv>
	<mdHrLvName Sync="TRUE">dataset</mdHrLvName>
	<distinfo>
		<resdesc Sync="TRUE">Downloadable Data</resdesc>
		<stdorder>
			<digform>
				<digtinfo>
					<transize Sync="TRUE">37.253</transize>
					<dssize Sync="TRUE">37.253</dssize>
				</digtinfo>
			</digform>
		</stdorder>
		<distliab>No warranty, expressed or implied is made by the ESRP
    regarding the utility of the data, nor shall the act of
    distribution constitute any such warranty. These data are
    geographic illustrations and do not represent legal
    boundaries.</distliab>
		<techpreq>Software capable of reading ESRI Shapefiles.
    Specifications for file format are available from:
    http://www.esri.com/software/opengis/openpdf.html. Data may be
    distributed in Zip compressed format. Softwrae and source code
    for uncompressing files is available from
    http://www.info-zip.org/UnZip.html.</techpreq>
		<distrib><cntinfo><cntorgp><cntorg>CSUS/ESRP</cntorg><cntper>Scott Phillips</cntper></cntorgp><cntpos>GIS Analyst</cntpos><cntaddr><addrtype>mailing address</addrtype><address>Not given</address><city>Fresno</city><state>CA</state></cntaddr><cntvoice>Not given</cntvoice><cntemail>gis@esrp.csustan.edu</cntemail></cntinfo></distrib></distinfo>
	<distInfo>
		<distributor>
			<distorTran>
				<onLineSrc>
					<orDesc Sync="TRUE">002</orDesc>
					<linkage Sync="TRUE">file://\\MENDOTA\D$\landcov\out\lulc200406.shp</linkage>
					<protocol Sync="TRUE">Local Area Network</protocol>
				</onLineSrc>
				<transSize Sync="TRUE">37.253</transSize>
			</distorTran>
			<distorFormat>
				<formatName Sync="TRUE">Shapefile</formatName>
			</distorFormat>
		</distributor>
	</distInfo>
	<spdoinfo>
		<direct Sync="TRUE">Vector</direct>
		<ptvctinf>
			<esriterm Name="lulc200406">
				<efeatyp Sync="TRUE">Simple</efeatyp>
				<efeageom Sync="TRUE">Polygon</efeageom>
				<esritopo Sync="TRUE">FALSE</esritopo>
				<efeacnt Sync="TRUE">34128</efeacnt>
				<spindex Sync="TRUE">TRUE</spindex>
				<linrefer Sync="TRUE">FALSE</linrefer>
			</esriterm>
			<sdtsterm Name="lulc200406">
				<sdtstype Sync="TRUE">G-polygon</sdtstype>
				<ptvctcnt Sync="TRUE">34128</ptvctcnt>
			</sdtsterm>
		</ptvctinf>
	</spdoinfo>
	<spref>
		<horizsys>
			<cordsysn>
				<geogcsn Sync="TRUE">GCS_North_American_1927</geogcsn>
				<projcsn Sync="TRUE">Custom</projcsn>
			</cordsysn>
			<planar>
				<planci>
					<plance Sync="TRUE">coordinate pair</plance>
					<plandu Sync="TRUE">meters</plandu>
					<coordrep>
						<absres Sync="TRUE">0.001024</absres>
						<ordres Sync="TRUE">0.001024</ordres>
					</coordrep>
				</planci>
				<mapproj><mapprojn Sync="TRUE">Albers Conical Equal Area</mapprojn><albers><stdparll Sync="TRUE">34.000000</stdparll><stdparll Sync="TRUE">40.500000</stdparll><longcm Sync="TRUE">-120.000000</longcm><feast Sync="TRUE">0.000000</feast><fnorth Sync="TRUE">-4000000.000000</fnorth></albers></mapproj></planar>
			<geodetic>
				<horizdn Sync="TRUE">North American Datum of 1927</horizdn>
				<ellips Sync="TRUE">Clarke 1866</ellips>
				<semiaxis Sync="TRUE">6378206.400000</semiaxis>
				<denflat Sync="TRUE">294.978698</denflat>
			</geodetic>
		</horizsys>
	</spref>
	<refSysInfo>
		<RefSystem>
			<refSysID>
				<identCode Sync="TRUE">Custom</identCode>
			</refSysID>
		</RefSystem>
	</refSysInfo>
	<spatRepInfo>
		<VectSpatRep>
			<topLvl>
				<TopoLevCd Sync="TRUE" value="001">
				</TopoLevCd>
			</topLvl>
			<geometObjs Name="lulc200406"><geoObjTyp><GeoObjTypCd Sync="TRUE" value="001"></GeoObjTypCd></geoObjTyp><geoObjCnt Sync="TRUE">34128</geoObjCnt></geometObjs></VectSpatRep>
	</spatRepInfo>
	<eainfo>
		<detailed Name="lulc200406">
			<enttyp>
				<enttypl Sync="TRUE">lulc200406</enttypl>
				<enttypt Sync="TRUE">Feature Class</enttypt>
				<enttypc Sync="TRUE">34128</enttypc>
			</enttyp>
			<attr>
				<attrlabl Sync="TRUE">FID</attrlabl>
				<attalias Sync="TRUE">FID</attalias>
				<attrtype Sync="TRUE">OID</attrtype>
				<attwidth Sync="TRUE">4</attwidth>
				<atprecis Sync="TRUE">0</atprecis>
				<attscale Sync="TRUE">0</attscale>
				<attrdef Sync="TRUE">Internal feature number.</attrdef>
				<attrdefs Sync="TRUE">ESRI</attrdefs>
				<attrdomv>
					<udom Sync="TRUE">Sequential unique whole numbers that
          are automatically generated.</udom>
				</attrdomv>
			</attr>
			<attr>
				<attrlabl Sync="TRUE">Shape</attrlabl>
				<attalias Sync="TRUE">Shape</attalias>
				<attrtype Sync="TRUE">Geometry</attrtype>
				<attwidth Sync="TRUE">0</attwidth>
				<atprecis Sync="TRUE">0</atprecis>
				<attscale Sync="TRUE">0</attscale>
				<attrdef Sync="TRUE">Feature geometry.</attrdef>
				<attrdefs Sync="TRUE">ESRI</attrdefs>
				<attrdomv>
					<udom Sync="TRUE">Coordinates defining the
          features.</udom>
				</attrdomv>
			</attr>
			<attr>
				<attrlabl Sync="TRUE">AREA</attrlabl>
				<attalias Sync="TRUE">AREA</attalias>
				<attrtype Sync="TRUE">Number</attrtype>
				<attwidth Sync="TRUE">18</attwidth>
				<atnumdec Sync="TRUE">5</atnumdec>
				<attrdef>area in meters square</attrdef>
			</attr>
			<attr>
				<attrlabl Sync="TRUE">PERIMETER</attrlabl>
				<attalias Sync="TRUE">PERIMETER</attalias>
				<attrtype Sync="TRUE">Number</attrtype>
				<attwidth Sync="TRUE">18</attwidth>
				<atnumdec Sync="TRUE">5</atnumdec>
				<attrdef>perimeter in meters</attrdef>
			</attr>
			<attr>
				<attrlabl Sync="TRUE">SRCUSED</attrlabl>
				<attalias Sync="TRUE">SRCUSED</attalias>
				<attrtype Sync="TRUE">String</attrtype>
				<attwidth Sync="TRUE">16</attwidth>
				<attrdef>Abbreviated data source or combination of sources.
        See attribute SOURCE for definitions.</attrdef>
			</attr>
			<attr>
				<attrlabl Sync="TRUE">SRCYEAR</attrlabl>
				<attalias Sync="TRUE">SRCYEAR</attalias>
				<attrtype Sync="TRUE">Number</attrtype>
				<attwidth Sync="TRUE">11</attwidth>
				<attrdef>Year of the source used for attribute
        values</attrdef>
			</attr>
			<attr>
				<attrlabl Sync="TRUE">NEWCODE</attrlabl>
				<attalias Sync="TRUE">NEWCODE</attalias>
				<attrtype Sync="TRUE">Number</attrtype>
				<attwidth Sync="TRUE">11</attwidth>
				<attrdef>Land use/land cover code based on a modified
        version of the 1976 USGS Anderson Level 2 classification
        system. See attribute DESCRIP for definitions.</attrdef>
				<attrdefs>A Land Use And Land Cover Classification System
        For Use With Remote Sensor Data, Anderson et all, 1977
        (USGS Geological Survey Professional Paper 964) with
        additions and modifications by CSUS/ESRP.</attrdefs>
			</attr>
			<attr>
				<attrlabl Sync="TRUE">CONFIDENCE</attrlabl>
				<attalias Sync="TRUE">CONFIDENCE</attalias>
				<attrtype Sync="TRUE">Number</attrtype>
				<attwidth Sync="TRUE">11</attwidth>
				<attrdef>Code to indicate the processing steps used to
        determine attribute values. See attribute NOTES for
        definitions.</attrdef>
			</attr>
			<attr>
				<attrlabl Sync="TRUE">CLASSITEM</attrlabl>
				<attalias Sync="TRUE">CLASSITEM</attalias>
				<attrtype Sync="TRUE">String</attrtype>
				<attwidth Sync="TRUE">12</attwidth>
				<attrdef>Level 1 (more generalized) land use/land cover
        class</attrdef>
				<attrdefs>A Land Use And Land Cover Classification System
        For Use With Remote Sensor Data, Anderson et all, 1977
        (USGS Geological Survey Professional Paper 964).</attrdefs>
			</attr>
			<attr>
				<attrlabl Sync="TRUE">DESCRIP</attrlabl>
				<attalias Sync="TRUE">DESCRIP</attalias>
				<attrtype Sync="TRUE">String</attrtype>
				<attwidth Sync="TRUE">44</attwidth>
				<attrdef>Level 2 land use/land cover
        classifiation</attrdef>
				<attrdefs>A Land Use And Land Cover Classification System
        For Use With Remote Sensor Data, Anderson et all, 1977
        (USGS Geological Survey Professional Paper 964) with
        additions and modifications by CSUS/ESRP.</attrdefs>
			</attr>
			<attr>
				<attrlabl Sync="TRUE">LEGCLASS</attrlabl>
				<attalias Sync="TRUE">LEGCLASS</attalias>
				<attrtype Sync="TRUE">String</attrtype>
				<attwidth Sync="TRUE">32</attwidth>
				<attrdef>A more generalized land use/land cover
        classification used for maps.</attrdef>
			</attr>
			<attr>
				<attrlabl Sync="TRUE">SOURCE</attrlabl>
				<attalias Sync="TRUE">SOURCE</attalias>
				<attrtype Sync="TRUE">String</attrtype>
				<attwidth Sync="TRUE">64</attwidth>
				<attrdef>Definitions for the short codes in attribute
        SRCUSED</attrdef>
			</attr>
			<attr>
				<attrlabl Sync="TRUE">NOTES</attrlabl>
				<attalias Sync="TRUE">NOTES</attalias>
				<attrtype Sync="TRUE">String</attrtype>
				<attwidth Sync="TRUE">32</attwidth>
				<attrdef>Definitions to the numeric codes used in attribute
        CONFIDENCE</attrdef>
			</attr>
		</detailed>
		<overview>
			<dsoverv>This data was designed to fill a niche between the
      various sources of land use and land cover data available for
      the San Joaquin Valley. There are a variety of sources of
      data available with different strengths and weaknesses. The
      goal of this data is to utilize the data for different
      aspects of classifications based on their relative strengths,
      and avoid data whose weaknesses outweighted their relative
      contribution.</dsoverv>
			<eaover>To normalize the attribute data between sources, we
      cross-walked their native classification to a common
      classification based on the USGS Anderson level II
      classification system (Anderson et al. 1976). This
      classification system was modified to include classes of
      interest in the San Joaquin Valley such as retired farmland,
      idle farmland, desert scrub, and Valley-foothill riparian
      communities.</eaover>
			<eadetcit>Anderson J.R., E.E. Hardy, J.T. Roach, and R.E.
      Witmer. 1976. A Land Use And Land Cover Classification System
      For Use With Remote Sensor Data. U.S. Geological Survey
      Professional Paper 964. Out of print, but available online
      at:
      http://www.ncrs.fs.fed.us/4153/deltawest/landcover/LLCoverPub.html</eadetcit>
		</overview>
	</eainfo>
	<mdDateSt Sync="TRUE">20041007</mdDateSt>
	<dataqual>
		<lineage>
			<srcinfo>
				<srccite>
					<citeinfo>
						<title>Land Use Data</title>
						<origin>California Department of Water Resources
            Division of Planning and Local Assistance</origin>
						<pubdate>20030601</pubdate>
						<geoform>vector digital data</geoform>
						<othercit>We are currently incoprorating some of the
            more recent data, and some data for additional areas.
            The following surveys are represented in this edition:
            1995 Contra Costa County (95CC) 1995 Madera County
            (95MA) 1995 Merced County (95ME) 1995 Shasta County
            (95SH) 1995 Yuba County (95YU) 1996 Kings County (96KG)
            1996 San Joaquin County (96SJ) 1996 South Central Coast
            (96SX) 1996 Stanislaus County (96SS) 1997 Monterey
            County (97MT) Summer 1997 San Benito County (97ST) 1997
            Santa Cruz County (97SZ) 1998 Kern County (98KN) 1999
            Butte County (99BU) 1999 Napa County (99NA) 1999 Tulare
            County (99TU) 2000 Fresno County (00FR) 2002 San Benito
            County (02ST) 2003 Kings County (03KG)</othercit>
						<onlink>
            http://www.waterplan.water.ca.gov/landwateruse/landuse/luindex.htm</onlink>
					</citeinfo>
				</srccite>
				<srcscale>24000</srcscale>
				<typesrc>online</typesrc>
				<srccitea>DWR</srccitea>
				<srccontr>Primary land use source where available. Primary
        source for urban and agricultural classification. Primary
        source to define the boundary of non-urban and
        non-agricultural lands.</srccontr>
				<srctime>
					<timeinfo>
						<rngdates>
							<begdate>19930601</begdate>
							<enddate>20030601</enddate>
						</rngdates>
					</timeinfo>
					<srccurr>ground condition</srccurr>
				</srctime>
			</srcinfo>
			<srcinfo>
				<srcscale>100000</srcscale>
				<typesrc>online</typesrc>
				<srccitea>GAP</srccitea>
				<srccontr>Provided land cover attribute information for
        non-agricultural and non-urban lands. Also used as a
        primary source of land use where no finer resolution or
        more current data was available.</srccontr>
				<srccite>
					<citeinfo>
						<title>Land-cover for California</title>
						<origin>California Gap Analysis</origin>
						<pubdate>19980630</pubdate>
						<pubinfo>
							<pubplace>Santa Barbara, California</pubplace>
							<publish>Biogeography Lab, University of California,
              Santa Barbara</publish>
						</pubinfo>
						<onlink>
            http://www.biogeog.ucsb.edu/projects/gap/gap_data.html</onlink>
					</citeinfo>
				</srccite>
			</srcinfo>
			<procstep>
				<procdesc>Establish base of developed land use based on
        re-defined attributes of the DWR data and some FMMP data
        where DWR data was unavailable. Used GAP and LULC to
        supliment developed land classes where neither DWR nor FMMP
        where available.</procdesc>
				<procsv>ARC/INFO</procsv>
				<srcused>DWR</srcused>
				<srcused>FMMP</srcused>
				<srcused>LULC</srcused>
				<srcused>GAP</srcused>
			</procstep>
			<srcinfo>
				<srccite>
					<citeinfo>
						<title>National Wetlands Inventory</title>
						<origin>U.S. Fish &amp; Wildlife Service, National
            Wetlands Inventory</origin>
						<pubdate>Unknown</pubdate>
						<geoform>vector digital data</geoform>
						<pubinfo>
							<pubplace>St.Petersburg, Florida</pubplace>
							<publish>U.S. Fish &amp; Wildlife Service, National
              Wetlands Inventory</publish>
						</pubinfo>
						<onlink>http://wetlands.fws.gov</onlink>
					</citeinfo>
				</srccite>
				<srcscale>24000</srcscale>
				<typesrc>online</typesrc>
				<srctime>
					<timeinfo>
						<rngdates>
							<begdate>19730101</begdate>
							<enddate>19981231</enddate>
						</rngdates>
					</timeinfo>
					<srccurr>ground condition</srccurr>
				</srctime>
				<srccitea>NWI</srccitea>
				<srccontr>Used to identify wetland communities in
        non-agricultural and non-urban areas</srccontr>
			</srcinfo>
			<srcinfo>
				<srccite>
					<citeinfo>
						<origin>California Department of Conservation, Division
            Of Land Resource Protection, Farmland Mapping and
            Monitoring Program</origin>
						<pubdate>Unknown</pubdate>
						<title>Important Farmland (agricultural land
            use)</title>
						<othercit>Both year 2000 and year 2002 data were
            used.</othercit>
						<onlink>http://www.consrv.ca.gov/DLRP/fmmp</onlink>
					</citeinfo>
				</srccite>
				<srcscale>100000</srcscale>
				<typesrc>online</typesrc>
				<srccitea>FMMP</srccitea>
				<srccontr>To suppliment DWR data on agricultural and urban
        land use where DWR data is unavailable. Also used to update
        the extent of urban land use.</srccontr>
			</srcinfo>
			<srcinfo>
				<srccite>
					<citeinfo>
						<title>GIRAS Landuse/Landcover data for the
            Conterminous United States by quadrangles at scale
            1:250,000</title>
						<origin>Environmental Protection Agency, Office of
            Water/OST</origin>
						<pubdate>19980101</pubdate>
						<geoform>vector digital data</geoform>
						<othercit>Originally downloaded an EPA FTP site
            (mountain.epa.gov) which is no longer online. Data
            appears to be currently available through the EPA
            BASINS program.</othercit>
						<onlink>http://www.epa.gov/waterscience/basins</onlink>
					</citeinfo>
				</srccite>
				<srcscale>250000</srcscale>
				<typesrc>online</typesrc>
				<srctime>
					<timeinfo>
						<rngdates>
							<begdate>19720101</begdate>
							<enddate>19801231</enddate>
						</rngdates>
					</timeinfo>
					<srccurr>ground condition</srccurr>
				</srctime>
				<srccitea>LULC</srccitea>
				<srccontr>Provided level two classification of urban areas
        where no other level two source was available. Also used as
        a supliment to the GAP data which was based on LULC but
        used a larger minimum mapping unit than was used originally
        in the LULC data.</srccontr>
			</srcinfo>
			<srcinfo>
				<srccite>
					<citeinfo>
						<origin>Westlands Water District</origin>
						<pubdate>Unknown</pubdate>
						<title>Retired Farmland</title>
					</citeinfo>
				</srccite>
				<srcscale>100000</srcscale>
				<typesrc>electronic mail system</typesrc>
				<srctime>
					<timeinfo>
						<sngdate>
							<caldate>20030101</caldate>
						</sngdate>
					</timeinfo>
					<srccurr>ground condition</srccurr>
				</srctime>
				<srccitea>WESTLANDS</srccitea>
				<srccontr>Used to identify retired farmland in the
        Westlands Water District</srccontr>
			</srcinfo>
			<srcinfo>
				<srccite>
					<citeinfo>
						<title>Landsat 7 ETM+ Isoclass</title>
						<origin>CSU Stanislaus, Endangered Species Recovery
            Program</origin>
						<pubdate>20010101</pubdate>
						<geoform>remote-sensing image</geoform>
						<othercit>Derived from summer 2000 Landsat ETM+ imagery
            of the San Joaquin Valley</othercit>
					</citeinfo>
				</srccite>
				<srcscale>100000</srcscale>
				<typesrc>online</typesrc>
				<srccitea>ETM_iso</srccitea>
				<srccontr>Used to identify classification errors of
        communities in the San Joaquin Valley</srccontr>
			</srcinfo>
			<srcinfo>
				<srccite>
					<citeinfo>
						<title>ESRP secondary source interpretation</title>
						<origin>CSU Stanislaus, Endangered Species Recovery
            Program</origin>
						<pubdate>Unpublished Material</pubdate>
						<othercit>Secondary source abbreviations: USGS - USGS
            1:24,000 topographic maps ETM - Landsat summer 2000
            ETM+ imagery SPOT - SPOT year 2000 panchromatic imagery
            sf-fws - Scott Frazier, FWS Kern NWR Field - Field
            observations or local knowlege of Scott Phillisp,
            CSUS/ESRP</othercit>
					</citeinfo>
				</srccite>
				<srcscale>100000</srcscale>
				<srctime>
					<timeinfo>
						<rngdates>
							<begdate>20000101</begdate>
							<enddate>20031231</enddate>
						</rngdates>
					</timeinfo>
					<srccurr>ground condition</srccurr>
				</srctime>
				<srccitea>i</srccitea>
				<srccontr>Edits based on single or multiple secondary
        sources including USGS 1:24,000 topographic maps, year 2000
        SPOT panchromatic imagery, edits to Kern National Wildlife
        Refuge provide by Scott Frazier of FWS, year 2000 Landsat
        ETM+ images, field observations and local
        knowledge</srccontr>
			</srcinfo>
			<procstep>
				<srcused>LULC</srcused>
				<srcused>FMMP</srcused>
				<srcused>GAP</srcused>
				<procdesc>Cross checked, added to, and refined attribute
        information for urban areas from basemap established in
        step 1. This was done using ARC/INFO polygon overlay and
        topology editing tools (JOIN, ELIMINATE
        DISSOLVE).</procdesc>
				<procsv>ARC/INFO</procsv>
			</procstep>
			<procstep>
				<procdesc>Cross-checked and added to agricultural areas
        from basemap using more recent FMMP data. This was done
        using ARC/INFO polygon overlay and topology editing tools
        (JOIN, ELIMINATE DISSOLVE).</procdesc>
				<procsv>ARC/INFO</procsv>
				<srcused>FMMP</srcused>
			</procstep>
			<procstep>
				<procdesc>Added land cover classes from the GAP data within
        areas classified as generic "undeveloped" on our basemap
        from step 1. These include DWR lands classified as "Native
        Vegeation" or "Unirrigated Pasture" and FMMP lands
        classified as "Grazing Lands" or "Other Lands".</procdesc>
				<procsv>ARC/INFO</procsv>
				<srcused>GAP</srcused>
			</procstep>
			<procstep>
				<srcused>NWI</srcused>
				<procdesc>Edited land cover classes for wetlands from the
        NWI data within areas classified as generic "undeveloped"
        on our basemap from step 1. These include DWR lands
        classified as "Native Vegeation" or "Unirrigated Pasture"
        and FMMP lands classified as "Grazing Lands" or "Other
        Lands".</procdesc>
			</procstep>
			<procstep>
				<procdesc>We built a mosaic of continuous Landsat ETM+
        visible and infrared band data for our project area that
        was geographically adjusted to our base map.</procdesc>
				<procsv>Erdas Image Analyst for ArcView GIS</procsv>
				<srcused>ETM_iso</srcused>
			</procstep>
			<procstep>
				<procdesc>We clipped the Landsat data to only the areas
        containing non-developed upland communities and classified
        the masked data to 16 categories using an Iterative
        Self-Organizing Data Analysis Technique (ISODATA). The two
        brightest and one darkest categories where converted to a
        shapefile.</procdesc>
				<srcused>ETM_iso</srcused>
				<procsv>Erdas Image Analyst for ArcView GIS</procsv>
			</procstep>
			<procstep>
				<srcused>ETM_iso</srcused>
				<procdesc>We calculated the area of each individual polygon
        area from the last step. We converted our data to a
        shapefile and reviewed the data by zooming to each polygon
        in the reverse order of size. Where we found errors, we
        manually corrected the error and changed classifications
        using secondary sources such as the Landsat image, a higher
        resolution SPOT image, and USGS topographic maps. We
        stopped reviewing when we got down to an arbitrary polygon
        size of 85 ha.</procdesc>
				<procsv>ArcView GIS 3.2</procsv>
				<srcused>ETM</srcused>
				<srcused>SPOT</srcused>
				<srcused>USGS</srcused>
				<srcused>i</srcused>
			</procstep>
			<procstep>
				<srcused>WESTLANDS</srcused>
				<procdesc>We added a class for retired farmand and used
        data and maps from Westlands Water District and the U.S.
        Departmen of Interior Land Retirement Program to reclassify
        retired farmland in Fresno, Kings, and Tulare counties.
        This was done through ARC/INFO UNION, ELIMINATE, and
        DISSOLVE.</procdesc>
				<procsv>ARC/INFO</procsv>
				<srcused>Field</srcused>
			</procstep>
			<procstep>
				<procdesc>We updated land use for the area of Kern National
        Wildlife Refuge with assistance of Scott Frazier of FWS,
        Kern NWR.</procdesc>
				<procsv>ArcView GIS 3.3</procsv>
				<srcused>sf-fws</srcused>
			</procstep>
		</lineage>
		<logic>Shapefile converted from ARC/INFO coverage with polygon
    topology. Minimum mapping unit is 4 ha (about 10
    acres).</logic>
	</dataqual>
</metadata>
